SegmentType,Market,AR1,HalfLifeYears,R2
CBD Office,Perth - CBD Office,0.9707158933181592,5.830362322632531,0.9501010594192423
Office Quality,Secondary Office,0.9703765567571392,5.762573053330617,0.9436666313508345
Non-CBD Office,Melbourne - Non-CBD Office,0.9689139006890198,5.487314839062699,0.9334118423121038
Non-CBD Office,Chatswood / Crows Nest / St Leonards - Office,0.9685731345900368,5.426865570457621,0.9176164736445861
CBD Office,Rest of Australia - Office,0.9685056140446769,5.415043210419575,0.9382434891021856
CBD Office,Adelaide - CBD Office,0.9655238661323853,4.939132671006634,0.9447876840708301
CBD Office,Melbourne - CBD Office,0.9650306279139897,4.868230261475458,0.9384879814595065
CBD Office,Sydney - CBD Office,0.9648046053436347,4.836403696907975,0.932398104486689
Office Quality,Prime Office,0.9637678671256392,4.6955063896907765,0.9329191701612128
Non-CBD Office,Rest of Australia - Non-CBD Office,0.9636336030364677,4.677846798690689,0.93513948878375
CBD Quality,Grade A - CBD Office,0.9630573350394527,4.603508615879548,0.9310305297854852
Non-CBD Office,North Sydney - Office,0.962101325960936,4.485169619243112,0.9256861609737108
CBD Office,Canberra Region - Office,0.9593297184741301,4.173529001099239,0.9233477282977349
CBD Office,Brisbane - CBD Office,0.9589415272174081,4.13323928118203,0.9212718269414326
Non-CBD Office,Parramatta - Office,0.9558351743250371,3.836342502516149,0.9207459011390978
Non-CBD Office,Brisbane Fringe - Office,0.9551753613406129,3.778577076783172,0.9177864567175135
CBD Quality,Premium CBD Office,0.9458125159773612,3.1104639574234856,0.9008712042685196
Non-CBD Office,North Ryde - Office,0.9230951790424256,2.1654642475458528,0.8498025100986497
