Segment,Half_Life_Yrs,Scarcity
Retail - Neighbourhood,21.157631279075623,5.0
Industrial - High Tech Business Park,19.93689665139737,5.0
Industrial - Warehouse,17.09180980904091,5.0
Industrial - Distribution,15.655647975685765,4.0
Office - Non-CBD,10.754975410362313,3.0
Retail - Sub Regional,8.475355178841797,4.0
Office - CBD,7.812401341985508,3.0
Retail - Other,6.149218643555309,4.0
Large Format Retail,5.99386592137988,2.0
Retail - Super and Major Regional,4.726468761782547,2.0
Retail - Regional,2.89056862590746,1.0
