Segment,AR1,Half_Life_Yrs,Income_Share,Income_to_Capital,Income_Return,Capital_Return,Scarcity
Retail - Neighbourhood,0.9918431750175973,21.157631279075623,0.7861614963569044,3.9658158254018487,8.26574482376128,2.0842482827410995,5.0
Industrial - High Tech Business Park,0.9913459004498195,19.93689665139737,0.7590037468535846,3.340720071572946,7.31402005160851,2.1893543592129747,5.0
Industrial - Warehouse,0.9899126355441745,17.09180980904091,0.6838406536179233,2.2973174139633907,7.983918053151203,3.4753221320762737,5.0
Industrial - Distribution,0.988992387981783,15.655647975685765,0.7690947885601196,3.5138696855661347,7.8587404677709785,2.2364917230858614,4.0
Office - Non-CBD,0.984016863216601,10.754975410362313,0.8621322576132318,6.562720104575614,7.39826324585861,1.1273165894581494,3.0
Retail - Sub Regional,0.9797616388004318,8.475355178841797,0.7900575097206098,4.057504664045194,8.17444807872146,2.0146490899093172,4.0
Office - CBD,0.9780631994853926,7.812401341985508,0.7809056810330919,3.7393514404731083,6.414468138772501,1.7153959024404866,3.0
Retail - Other,0.9722130658843733,6.149218643555309,0.8616693885594907,6.674711510619326,7.090213356535057,1.0622501579663295,4.0
Large Format Retail,0.9715032262608345,5.99386592137988,0.7365609833050752,3.015777278740743,8.10767468957082,2.6884195814872083,2.0
Retail - Super and Major Regional,0.9640008936770137,4.726468761782547,0.6098501131899712,1.6748913970313017,6.507248149902621,3.885176174071069,2.0
Retail - Regional,0.9418125333305226,2.89056862590746,0.755241805751771,3.323918844821895,7.510963368835066,2.2596711049476674,1.0
